species	module	degree	in_degree	out_degree	betweenness	closeness	pagerank	hub_score
ABCE1_RNASEL_dimer__mito	M1	2	2	0	0.000007	0.003868	0.002530	-0.5149
ABCE1__mito	M1	1	0	1	0.000000	0.002579	0.000937	-0.8736
ACTA2__cyto	ssc_tier1	4	3	1	0.005769	0.113133	0.004949	0.4689
ADAM10_17_Zn2_plus__cyto	M3	2	0	2	0.001323	0.085924	0.000937	-0.4539
ADAR__nuc	M1	2	2	0	0.000000	0.029618	0.001027	-0.5153
ADP__cyto	M1,M2,M4	26	26	0	0.145396	0.122159	0.022981	14.8268
ADP__endo	M2	2	2	0	0.001050	0.094234	0.002550	-0.4666
ADP__nuc	M3	2	2	0	0.000001	0.066339	0.001389	-0.5152
ANGPT1__ext	ssc_tier1	0	0	0	0.000000	0.000000	0.000937	-1.2319
ANGPT2__ext	ssc_tier1	0	0	0	0.000000	0.000000	0.000937	-1.2319
ARNT__cyto	ssc_tier1	0	0	0	0.000000	0.000000	0.000937	-1.2319
ARRB__cyto	M3	1	0	1	0.000000	0.059994	0.000937	-0.8736
ATP__cyto	M1,M2,M4	19	0	19	0.074292	0.117781	0.000937	9.0213
ATP__endo	M2	2	0	2	0.000025	0.083735	0.000937	-0.5141
ATP__nuc	M3	8	0	8	0.000176	0.066500	0.000937	1.6429
AcM_UBE2M__cyto	M2	2	2	0	0.000427	0.076179	0.001797	-0.4954
Active_PDGF_dimers_AA_AB_BB__ext	M2	1	0	1	0.000000	0.072869	0.000937	-0.8736
Active_PDGF_dimers_CC_DD__ext	M2	2	2	0	0.000007	0.005158	0.002072	-0.5149
BAFF_BCMA_complex__pm	M4	2	2	0	0.000007	0.003868	0.002530	-0.5149
BAMBI__cyto	M2	1	0	1	0.000000	0.093413	0.000937	-0.8736
BCAR1__cyto	M2	1	0	1	0.000000	0.068420	0.000937	-0.8736
BCMA__ext	ssc_tier1	1	0	1	0.000000	0.002579	0.000937	-0.8736
BCR_activated__cell	M4	8	8	0	0.016081	0.093271	0.010680	2.3804
BLIMP1__nuc	ssc_tier1	3	2	1	0.000007	0.006908	0.001468	-0.1566
BLK__cyto	ssc_tier1	1	0	1	0.000000	0.082200	0.000937	-0.8736
BST2__ext	M1	2	2	0	0.000000	0.029618	0.001027	-0.5153
BTK__cyto	ssc_tier1	1	0	1	0.000000	0.082200	0.000937	-0.8736
CBL__cyto	M2,M4	4	2	2	0.003219	0.081790	0.001797	0.3507
CD154__pm	ssc_tier1	3	0	3	0.000007	0.006908	0.000937	-0.1566
CD19__pm	ssc_tier1	0	0	0	0.000000	0.000000	0.000937	-1.2319
CD22__pm	ssc_tier1	0	0	0	0.000000	0.000000	0.000937	-1.2319
CD31__pm	ssc_tier1	0	0	0	0.000000	0.000000	0.000937	-1.2319
CD40__pm	ssc_tier1	3	0	3	0.000007	0.006908	0.000937	-0.1566
CD79A__pm	ssc_tier1	1	0	1	0.000000	0.082200	0.000937	-0.8736
CD79B__pm	ssc_tier1	1	0	1	0.000000	0.082200	0.000937	-0.8736
CDH2__pm	ssc_tier1	3	2	1	0.005613	0.116008	0.001665	0.1034
CDH5__pm	ssc_tier1	1	0	1	0.000000	0.107321	0.000937	-0.8736
CDH5_repressed__pm	M3	5	5	0	0.063079	0.127005	0.003206	3.4848
CDK8_CCNC__nuc	M3	3	2	1	0.000001	0.066339	0.001389	-0.1569
CLCF1__ext	M4	1	0	1	0.000000	0.004096	0.000937	-0.8736
CNTFR_CRLF1_CLCF1__cyto	M4	2	2	0	0.000067	0.006330	0.003486	-0.5121
CNTFR__cyto	M4	2	0	2	0.000060	0.005803	0.000937	-0.5125
CNTF_CNTFR_CRLF1_CLCF1_CNTFR_IL6ST_JAK1_JAK2_TYK2__cyto	M4	3	2	1	0.005263	0.072039	0.002073	0.0871
CNTF_CNTFR_CRLF1_CLCF1_CNTFR__cyto	M4	1	0	1	0.000000	0.065251	0.000937	-0.8736
CNTF_CNTFR_CRLF1_CLCF1_CNTFR_gp130_JAKs_LIFR_JAKs__cyto	M4	2	2	0	0.000090	0.065511	0.003266	-0.5111
CNTF_CNTFR__cyto	M4	2	2	0	0.000037	0.004642	0.002131	-0.5135
CNTF__ext	M4	1	0	1	0.000000	0.003482	0.000937	-0.8736
CNTN1_NOTCH1_DTX__cyto	M3	3	2	1	0.028882	0.079753	0.002149	1.1824
CNTN1__cyto	M3	1	0	1	0.000000	0.071516	0.000937	-0.8736
COL1A1__ext	ssc_tier1	9	7	2	0.053093	0.117501	0.004443	4.4550
COL1A2__ext	ssc_tier1	0	0	0	0.000000	0.000000	0.000937	-1.2319
COL3A1__ext	ssc_tier1	4	2	2	0.004525	0.111344	0.002917	0.4112
COL5A1__ext	ssc_tier1	0	0	0	0.000000	0.000000	0.000937	-1.2319
COL5A2__ext	ssc_tier1	0	0	0	0.000000	0.000000	0.000937	-1.2319
COMP__ecm	ssc_tier1	2	1	1	0.000184	0.110298	0.001116	-0.5067
COX-2__er	ssc_tier1	0	0	0	0.000000	0.000000	0.000937	-1.2319
CREBBP__nuc	M3	3	2	1	0.000648	0.073129	0.001389	-0.1269
CRK_CRKL__cyto	M2	1	0	1	0.000000	0.075828	0.000937	-0.8736
CRLF1_CLCF1__cyto	M4	3	2	1	0.000067	0.005803	0.002530	-0.1538
CRLF1__cyto	M4	1	0	1	0.000000	0.004096	0.000937	-0.8736
CTF1_LIFR_JAKs__cyto	M4	2	2	0	0.002669	0.059965	0.002300	-0.3915
CTF1__ext	M4	1	0	1	0.000000	0.055186	0.000937	-0.8736
CTGF__ext	M2	5	3	2	0.028281	0.126289	0.005249	1.8712
CXCL4__ext	M1	2	0	2	0.000827	0.105035	0.000937	-0.4769
Class_I_MHC_heavy_chain_MHC_HC__er	M1	2	2	0	0.000000	0.029618	0.001027	-0.5153
Cleaved_PDGF_B_peptides__golgi	M2	3	3	0	0.000077	0.011488	0.001714	-0.1533
Cleaved_novel_PDGF_fragments__ext	M2	2	2	0	0.000007	0.005158	0.002072	-0.5149
DDX58_MAVS__mito	M1	3	2	1	0.005330	0.082200	0.002530	0.0902
DDX58__cyto	ssc_tier1	1	0	1	0.000000	0.073477	0.000937	-0.8736
DLK1__cyto	M3	1	0	1	0.000000	0.055459	0.000937	-0.8736
DLL1_NOTCH1__cyto	M3	2	2	0	0.000022	0.004421	0.002131	-0.5142
DLL1__cyto	M3	1	0	1	0.000000	0.003095	0.000937	-0.8736
DLL4_NOTCH1__cyto	M3	2	2	0	0.000022	0.004421	0.002131	-0.5142
DLL4__cyto	M3	1	0	1	0.000000	0.003095	0.000937	-0.8736
DLL_JAG_NOTCH1__cyto	M3	1	0	1	0.000000	0.076534	0.000937	-0.8736
DLL_JAG__cyto	M3	1	0	1	0.000000	0.055459	0.000937	-0.8736
DNER_NOTCH1_DTX__cyto	M3	3	2	1	0.028882	0.079753	0.002149	1.1824
DNER__cyto	M3	1	0	1	0.000000	0.071516	0.000937	-0.8736
DTX_ITCH__cyto	M3	3	2	1	0.003970	0.060141	0.001733	0.0271
DTX__cyto	M3	2	0	2	0.006477	0.065685	0.000937	-0.2149
Dimeric_TGFB1_TGFBR2_homodimer__cyto	M2	7	4	3	0.018779	0.111495	0.003193	2.1472
EDN1_EDNRA_complex__pm	M3	5	3	2	0.015774	0.060525	0.003808	1.2912
EDN1__ext	ssc_tier1	2	1	1	0.018068	0.065931	0.001504	0.3226
EDNRA__pm	ssc_tier1	1	0	1	0.000000	0.055660	0.000937	-0.8736
EDNRB__pm	ssc_tier1	1	0	1	0.000000	0.055660	0.000937	-0.8736
EGR1__cyto	M1	2	2	0	0.000000	0.029618	0.001027	-0.5153
EIF2AK2__cyto	M1	2	2	0	0.000000	0.029618	0.001027	-0.5153
EP300__nuc	M3	3	2	1	0.000648	0.073129	0.001389	-0.1269
Extracellular_matrix_ligands__ext	M2	1	0	1	0.000000	0.002579	0.000937	-0.8736
FAP__pm	ssc_tier1	3	2	1	0.005613	0.116008	0.001665	0.1034
FBXW7_SKP1_CUL1_RBX1__nuc	M3	2	1	1	0.000000	0.055798	0.002868	-0.5153
FKBP1A__cyto	M2	4	4	0	0.000115	0.096295	0.003222	0.2067
FN1__ecm	ssc_tier1	5	4	1	0.008864	0.111395	0.003581	0.9708
FOSL2_TBX2__nuc	M2	2	2	0	0.002669	0.088231	0.001999	-0.3915
FOSL2__nuc	ssc_tier1	3	0	3	0.005448	0.101031	0.000937	0.0957
FOXP3__nuc	ssc_tier1	0	0	0	0.000000	0.000000	0.000937	-1.2319
FSP1__pm	ssc_tier1	2	2	0	0.000110	0.111748	0.001665	-0.5101
FURIN__golgi	M2	7	0	7	0.000522	0.015796	0.000937	1.3006
Fibrillin_1__ext	M2	1	0	1	0.000000	0.002579	0.000937	-0.8736
GADD34_PP1__cyto	M2	3	2	1	0.000056	0.087541	0.001854	-0.1543
GATA3__nuc	ssc_tier1	1	0	1	0.000000	0.001934	0.000937	-0.8736
GBP2__cyto	M1	2	2	0	0.000000	0.029618	0.001027	-0.5153
GDP__cyto	M2	3	3	0	0.002658	0.075968	0.002538	-0.0337
GMP__cyto	M3	2	2	0	0.002669	0.048195	0.002758	-0.3915
GRB2_1_SOS1__cyto	M2	1	0	1	0.000000	0.075875	0.000937	-0.8736
GRB7__cyto	M2	1	0	1	0.000000	0.075688	0.000937	-0.8736
GTP__cyto	M2	2	0	2	0.000002	0.068496	0.000937	-0.5151
H2O__cyto	M1,M2	7	0	7	0.007839	0.095290	0.000937	1.6399
H2O__endo	M2	8	0	8	0.005973	0.091915	0.000937	1.9117
HES1_TLE__nuc	M3	2	2	0	0.002669	0.060450	0.004702	-0.3915
HES1__nuc	M3	3	2	1	0.005323	0.066197	0.003493	0.0899
HES1_gene__nuc	M3	2	0	2	0.000000	0.066161	0.000937	-0.5153
HES5__nuc	M3	2	2	0	0.000000	0.066055	0.003493	-0.5153
HES5_gene__nuc	M3	2	0	2	0.000000	0.066055	0.000937	-0.5153
HEY_Genes__nuc	M3	2	0	2	0.000000	0.066055	0.000937	-0.5153
HEY__nuc	M3	2	2	0	0.000000	0.066055	0.003493	-0.5153
HIF1A__nuc	M3	2	0	2	0.038460	0.080168	0.000937	1.2682
HIF1A_active__nuc	M3	3	1	2	0.036031	0.072441	0.001335	1.5139
IFI27__mito	M1	2	2	0	0.000000	0.029618	0.001027	-0.5153
IFI35__cyto	M1	2	2	0	0.000000	0.029618	0.001027	-0.5153
IFI6__cyto	M1	2	2	0	0.000000	0.029618	0.001027	-0.5153
IFIT1__cyto	M1	2	2	0	0.000000	0.029618	0.001027	-0.5153
IFIT2__cyto	M1	2	2	0	0.000000	0.029618	0.001027	-0.5153
IFIT3__cyto	M1	2	2	0	0.000000	0.029618	0.001027	-0.5153
IFIT5__cyto	M1	2	2	0	0.000000	0.029618	0.001027	-0.5153
IFITM1__cyto	M1	2	2	0	0.000000	0.029618	0.001027	-0.5153
IFITM2__cyto	M1	2	2	0	0.000000	0.029618	0.001027	-0.5153
IFITM3__cyto	M1	2	2	0	0.000000	0.029618	0.001027	-0.5153
IFNA1__ext	M1	5	2	3	0.022760	0.106120	0.009789	1.6151
IFNAR1_TYK2_TYK2_inhibitors__cyto	M1	3	2	1	0.002669	0.092467	0.002131	-0.0332
IFNAR1_TYK2__cyto	M1	2	0	2	0.000000	0.092432	0.000937	-0.5153
IFNAR2_JAK1_STAT2_JAK1_2_inhibitors__cyto	M1	3	2	1	0.002669	0.081899	0.001999	-0.0332
IFNAR2_JAK1_STAT2__cyto	M1	3	0	3	0.000015	0.081926	0.000937	-0.1562
IFNAR2_JAK1_STAT2_type_1_interferon_analogs__cyto	M1	3	2	1	0.002669	0.081899	0.001999	-0.0332
IFNAR2_iso2__cyto	M1	1	0	1	0.000000	0.002579	0.000937	-0.8736
IFNAR2c_UBP43__cyto	M1	2	2	0	0.000007	0.003868	0.002530	-0.5149
IFNA_B_IFNAR2_JAK1_STAT2_IFNAR1_TYK2__cyto	M1	9	6	3	0.036301	0.106579	0.009359	3.6764
IFNA_B_IFNAR2_JAK1_STAT2__cyto	M1	5	4	1	0.015841	0.092780	0.005397	1.2943
IFNA_B_IFNAR2_p_JAK1_STAT2_IFNAR1_TYK2__cyto	M1	5	3	2	0.001707	0.097054	0.002616	0.6389
IFNA_B_IFNAR2_p_JAK1_STAT2_IFNAR1_p_TYK2__cyto	M1	7	3	4	0.013262	0.110003	0.005494	1.8914
IFNA_B_IFNAR2_p_JAK1_STAT2_p_IFNAR1_p_TYK2_STAT2__cyto	M1	5	3	2	0.005547	0.104412	0.004903	0.8169
IFNA_B_IFNAR2_p_JAK1_STAT2_p_IFNAR1_p_TYK2__cyto	M1	4	3	1	0.000604	0.102715	0.002793	0.2294
IFNA_B_IFNAR2_p_JAK1_STAT2_p_IFNAR1_p_TYK2_p_STAT2_STAT1__cyto	M1	3	3	0	0.000621	0.092467	0.001896	-0.1281
IFNA_B_IFNAR2_p_JAK1_STAT2_p_IFNAR1_p_TYK2_p_STAT2__cyto	M1	5	2	3	0.001498	0.108359	0.003064	0.6292
IFNA_B_IFNAR2_p_JAK1_STAT2_p_IFNAR1_p_TYK2_p_STAT2_p_STAT1__cyto	M1	9	5	4	0.013694	0.103491	0.003042	2.6280
IFNB1__ext	M1	4	1	3	0.038099	0.106671	0.007720	1.9681
IFN_alpha_beta_IFNA_B__ext	M1	1	0	1	0.000000	0.081818	0.000937	-0.8736
IKBKE__cyto	ssc_tier1	1	0	1	0.000000	0.082090	0.000937	-0.8736
IL11RA_IL11__cyto	M4	3	2	1	0.005330	0.065251	0.002530	0.0902
IL11RA__cyto	M4	1	0	1	0.000000	0.059631	0.000937	-0.8736
IL11__ext	M4	1	0	1	0.000000	0.059631	0.000937	-0.8736
IL13RA1__ext	ssc_tier1	1	0	1	0.000000	0.078584	0.000937	-0.8736
IL13__ext	ssc_tier1	3	0	3	0.007858	0.100990	0.000937	0.2075
IL13_complex__pm	M4	4	3	1	0.005334	0.088643	0.002397	0.4487
IL31_IL31RA_JAK1_OSMR_JAK1__cyto	M4	2	2	0	0.000007	0.003868	0.002530	-0.5149
IL31_IL31RA_JAK1__cyto	M4	1	0	1	0.000000	0.002579	0.000937	-0.8736
IL4R__ext	ssc_tier1	2	0	2	0.000022	0.078684	0.000937	-0.5142
IL4_IL4R_complex__pm	M4	3	2	1	0.002688	0.078759	0.002131	-0.0323
IL4__ext	ssc_tier1	1	0	1	0.000000	0.070716	0.000937	-0.8736
IL6RA_IL6_IL6RB_JAKs__cyto	M4	2	2	0	0.007962	0.071955	0.003428	-0.1461
IL6R_IL6R_inhibitors__cyto	M4	3	2	1	0.002669	0.087760	0.002131	-0.0332
IL6R__cyto	M4	2	0	2	0.000000	0.087728	0.000937	-0.5153
IL6R_inhibitors__ext	M4	1	0	1	0.000000	0.077888	0.000937	-0.8736
IL6R_iso2__ext	M4	1	0	1	0.000000	0.087666	0.000937	-0.8736
IL6ST_JAK1_JAK2_TYK2__cyto	M4	6	2	4	0.048956	0.080142	0.001601	3.1882
IL6ST__cyto	M4	2	0	2	0.005323	0.071913	0.000937	-0.2684
IL6ST_iso2__ext	M4	1	0	1	0.000000	0.078409	0.000937	-0.8736
IL6_IL6RA_IL6RB_JAKs__cyto	M4	2	2	0	0.025205	0.089059	0.004121	0.6535
IL6_IL6R_2_IL6ST_2__ext	M4	3	2	1	0.002669	0.088421	0.002555	-0.0332
IL6_IL6R_2__ext	M4	4	2	2	0.034711	0.100373	0.001932	1.8110
IL6_IL6R__cyto	M4	4	3	1	0.035019	0.100373	0.003346	1.8253
IL6_Tyrosine_phosphorylated_hexameric_IL_6_receptor_Activated_JAKs_p_Y546_Y584_PTPN11__cyto	M4	2	2	0	0.000410	0.101364	0.001489	-0.4962
IL6__ext	M4	4	0	4	0.076298	0.114766	0.000937	3.7395
IL6_receptor_hexamer_Activated_JAKs__cyto	M4	4	2	2	0.000429	0.107415	0.001716	0.2213
IL6_receptor_hexamer_JAKs__cyto	M4	3	1	2	0.002669	0.104015	0.001733	-0.0332
IL6_receptor_trimer_JAKs__cyto	M4	1	0	1	0.000000	0.090432	0.000937	-0.8736
IL6_sIL6R_IL6RB_JAKs__cyto	M4	3	3	0	0.025213	0.089059	0.004270	1.0122
IP6K2__nuc	M1	2	2	0	0.000000	0.029618	0.001027	-0.5153
IRF3_p__nuc	M1	5	4	1	0.026255	0.093131	0.007981	1.7772
IRF4__nuc	ssc_tier1	3	2	1	0.000007	0.006908	0.001468	-0.1566
IRF7__cyto	ssc_tier1	0	0	0	0.000000	0.000000	0.000937	-1.2319
IRF7_p__nuc	M1	5	4	1	0.010631	0.092294	0.004122	1.0527
IRF9__cyto	M1	1	0	1	0.000000	0.071579	0.000937	-0.8736
IRF_family__cyto	M1	2	2	0	0.000000	0.029618	0.001027	-0.5153
ISG15__cyto	M1	2	2	0	0.000000	0.029618	0.001027	-0.5153
ISG20__nuc	M1	2	2	0	0.000000	0.029618	0.001027	-0.5153
ISGF3_KPNA1_KPNB1__cyto	M1	3	0	3	0.000933	0.024178	0.000937	-0.1136
ISGF3__cyto	M1	2	2	0	0.002669	0.079830	0.003079	-0.3915
ISGF3__nuc	M1	2	1	1	0.001125	0.032909	0.001202	-0.4631
ISGF3_bound_to_ISRE_promotor_elements__nuc	M1	29	2	27	0.002620	0.049363	0.001986	9.2811
ISG_signature__nuc	M1	29	0	29	0.001571	0.044706	0.000937	9.2324
ITCH__cyto	M3	2	0	2	0.000124	0.055634	0.000937	-0.5095
JAG1_NOTCH1__cyto	M3	2	2	0	0.002669	0.060288	0.001866	-0.3915
JAG1__cyto	M3	1	0	1	0.000000	0.055459	0.000937	-0.8736
JAG2_NOTCH1__cyto	M3	2	2	0	0.002669	0.060288	0.001866	-0.3915
JAG2__cyto	M3	1	0	1	0.000000	0.055459	0.000937	-0.8736
JAK1_2_inhibitors__cyto	M1	1	0	1	0.000000	0.073237	0.000937	-0.8736
JAK1_JAK2_TYK2__cyto	M4	3	0	3	0.020887	0.072186	0.000937	0.8116
JAK1__cyto	M4	1	0	1	0.000000	0.078659	0.000937	-0.8736
JAK2__cyto	M4	1	0	1	0.000000	0.078659	0.000937	-0.8736
JAKs_LIFR__cyto	M4	5	2	3	0.013277	0.065615	0.001999	1.1754
JAKs_OSMR__cyto	M4	2	2	0	0.002669	0.065406	0.001999	-0.3915
KDR__ext	ssc_tier1	1	0	1	0.000000	0.055609	0.000937	-0.8736
KPNA1__cyto	M1	1	0	1	0.000000	0.003868	0.000937	-0.8736
KPNA1__nuc	M1	2	2	0	0.000240	0.018511	0.001468	-0.5041
KPNB1__cyto	M1	1	0	1	0.000000	0.003439	0.000937	-0.8736
KPNB1__nuc	M1	2	2	0	0.000240	0.018511	0.001468	-0.5041
LAP1_binding_integrins__cyto	M2	1	0	1	0.000000	0.002579	0.000937	-0.8736
LAP3_binding_integrins__cyto	M2	1	0	1	0.000000	0.002579	0.000937	-0.8736
LAP__ecm	ssc_tier1	1	0	1	0.000000	0.112359	0.000937	-0.8736
LIFR_JAKs_OSMR_JAKs__cyto	M4	1	0	1	0.000000	0.002579	0.000937	-0.8736
LIFR__cyto	M4	1	0	1	0.000000	0.059936	0.000937	-0.8736
LIF_LIFR_JAKs__cyto	M4	2	2	0	0.002669	0.059965	0.002300	-0.3915
LIF_OSM_CTF1_receptor_complex__cyto	M4	1	0	1	0.000000	0.059574	0.000937	-0.8736
LIF_OSM_receptor_complex_gp130__cyto	M4	2	2	0	0.002669	0.065182	0.002131	-0.3915
LIF__ext	M4	1	0	1	0.000000	0.055186	0.000937	-0.8736
LOXL2__ecm	ssc_tier1	2	1	1	0.000343	0.110496	0.001116	-0.4994
LOX__ecm	ssc_tier1	2	1	1	0.000343	0.110496	0.001116	-0.4994
LTBP1_LTBP3_TGFB_LAP__ext	M2	2	2	0	0.000007	0.003868	0.002530	-0.5149
LTBP1_LTBP3__ext	M2	1	0	1	0.000000	0.002579	0.000937	-0.8736
LTBP1_TGFB1_LAP1_LAP1_binding_integrins__cyto	M2	2	2	0	0.000007	0.003868	0.002530	-0.5149
LTBP1_TGFB1_LAP1__ext	M2	1	0	1	0.000000	0.002579	0.000937	-0.8736
LTBP1__ecm	ssc_tier1	1	0	1	0.000000	0.112359	0.000937	-0.8736
LTBP4_TGFB1_LAP1__ext	M2	2	2	0	0.000097	0.007737	0.003864	-0.5107
LTBP4__ext	M2	1	0	1	0.000000	0.006115	0.000937	-0.8736
LTBPs_Fibrillin_1__ext	M2	2	2	0	0.000007	0.003868	0.002530	-0.5149
LTBPs__ext	M2	1	0	1	0.000000	0.002579	0.000937	-0.8736
LYN__cyto	ssc_tier1	1	0	1	0.000000	0.082200	0.000937	-0.8736
MAML__nuc	M3	3	2	1	0.000648	0.073129	0.001389	-0.1269
MAVS__cyto	ssc_tier1	1	0	1	0.000000	0.073477	0.000937	-0.8736
MB21D1__cyto	ssc_tier1	1	0	1	0.000000	0.066572	0.000937	-0.8736
MIB_NEURL__cyto	M3	1	0	1	0.000000	0.076534	0.000937	-0.8736
MS4A1__pm	ssc_tier1	1	0	1	0.000000	0.001934	0.000937	-0.8736
MTMR4__endo	M2	3	2	1	0.000090	0.086044	0.001928	-0.1528
MX_family__cyto	M1	2	2	0	0.000000	0.029618	0.001027	-0.5153
MYC__nuc	M3	2	2	0	0.000000	0.066055	0.003493	-0.5153
MYC_gene__nuc	M3	2	0	2	0.000000	0.066055	0.000937	-0.5153
MyrG_SRC__cyto	M2	1	0	1	0.000000	0.091778	0.000937	-0.8736
NBEA__cyto	M3	1	0	1	0.000000	0.070696	0.000937	-0.8736
NBEA__nuc	M3	2	1	1	0.002669	0.078734	0.001733	-0.3915
NCK1_NCK2__cyto	M2	1	0	1	0.000000	0.075688	0.000937	-0.8736
NCOR_HDAC_TBL1__nuc	M3	2	2	0	0.001226	0.088707	0.001668	-0.4584
NEDD4L__nuc	M2	1	0	1	0.000000	0.006632	0.000937	-0.8736
NEDD8_AcM_UBE2M__cyto	M2	3	0	3	0.000516	0.073237	0.000937	-0.1330
NEDD8_K556_K567_TGFBR2__cyto	M2	2	2	0	0.000427	0.076179	0.001797	-0.4954
NEXT1__cyto	M3	4	2	2	0.014421	0.098018	0.002410	0.8701
NICD1_DTX__cyto	M3	3	3	0	0.062240	0.088707	0.004856	2.7292
NICD1_HIF1A__nuc	M3	2	2	0	0.040904	0.089675	0.001668	1.3815
NICD1_NBEA__nuc	M3	2	2	0	0.005323	0.088771	0.002744	-0.2684
NICD1_RBPJ_SNW1__nuc	M3	3	2	1	0.070288	0.090531	0.001668	3.1024
NICD1__cyto	M3	5	2	3	0.188599	0.113550	0.002227	9.3053
NICD1__nuc	M3	5	1	4	0.122138	0.101656	0.001568	6.2234
NOS3__pm	ssc_tier1	1	0	1	0.000000	0.045059	0.000937	-0.8736
NOTCH1_1721_1753__cyto	M3	2	2	0	0.000607	0.087510	0.002227	-0.4871
NOTCH1_Coactivator_Complex_CDK8_CCNC__nuc	M3	10	2	8	0.018282	0.073324	0.003321	3.1991
NOTCH1_Coactivator_Complex_HES1_Gene__nuc	M3	3	2	1	0.010586	0.073085	0.002539	0.3339
NOTCH1_Coactivator_Complex_HES5_Gene__nuc	M3	3	2	1	0.005323	0.072999	0.002539	0.0899
NOTCH1_Coactivator_Complex_HEY_Genes__nuc	M3	3	2	1	0.005323	0.072999	0.002539	0.0899
NOTCH1_Coactivator_Complex_MYC_Gene__nuc	M3	3	2	1	0.005323	0.072999	0.002539	0.0899
NOTCH1_Coactivator_Complex__nuc	M3	10	5	5	0.068718	0.081493	0.007079	5.5379
NOTCH1_DLK1__cyto	M3	2	2	0	0.002669	0.060288	0.001866	-0.3915
NOTCH1_DLL_JAG__cyto	M3	2	2	0	0.002669	0.060288	0.001866	-0.3915
NOTCH1_DTX_ARRB__cyto	M3	3	2	1	0.007977	0.065685	0.002149	0.2130
NOTCH1_DTX__cyto	M3	5	2	3	0.051171	0.072441	0.001468	2.9326
NOTCH1_Fringe_modified_NOTCH1__cyto	M3	2	0	2	0.000030	0.005158	0.000937	-0.5139
NOTCH1_NUMB_ITCH__cyto	M3	4	3	1	0.006747	0.060406	0.002264	0.5143
NOTCH1__cyto	M3	6	0	6	0.030097	0.066002	0.000937	2.3137
NOTCH3__pm	ssc_tier1	0	0	0	0.000000	0.000000	0.000937	-1.2319
NO__ext	ssc_tier1	2	1	1	0.002669	0.048195	0.001733	-0.3915
NUMB__cyto	M3	1	0	1	0.000000	0.055559	0.000937	-0.8736
N_ter_PDGFA_2_fragment__golgi	M2	2	2	0	0.000024	0.010832	0.001316	-0.5141
N_ter_PDGF_A_fragment__golgi	M2	2	2	0	0.000045	0.010832	0.001449	-0.5132
Novel_PDGF_precursor_dimers_CC_DD__ext	M2	3	1	2	0.000026	0.006190	0.001733	-0.1557
Novel_PDGF_precursor_dimers_CC_DD__golgi	M2	1	0	1	0.000000	0.003868	0.000937	-0.8736
OAS_family__cyto	M1	2	2	0	0.000000	0.029618	0.001027	-0.5153
OSMR_JAK1__cyto	M4	1	0	1	0.000000	0.002579	0.000937	-0.8736
OSMR__cyto	M4	1	0	1	0.000000	0.059762	0.000937	-0.8736
OSM_OSMR_LIFR__cyto	M4	2	2	0	0.000007	0.003868	0.002530	-0.5149
OSM__ext	M4	1	0	1	0.000000	0.002579	0.000937	-0.8736
PCAF__nuc	M3	3	2	1	0.000648	0.073129	0.001389	-0.1269
PDE5A__cyto	ssc_tier1	1	0	1	0.000000	0.045059	0.000937	-0.8736
PDGFA__ext	M2	1	0	1	0.000000	0.104945	0.000937	-0.8736
PDGFB__ext	M2	1	0	1	0.000000	0.104945	0.000937	-0.8736
PDGFRA_PDGFRB__cyto	M2	2	0	2	0.000000	0.072912	0.000937	-0.5153
PDGFRA__cyto	M2	2	0	2	0.018368	0.105574	0.000937	0.3365
PDGFRA_olaratumab__cyto	M2	3	2	1	0.015826	0.092018	0.002131	0.5770
PDGFRB__pm	M2	1	0	1	0.000000	0.104945	0.000937	-0.8736
PDGFR_type_II_PDGFR_binding_TKIs__cyto	M2	3	2	1	0.002669	0.072934	0.002131	-0.0332
PDGFR_type_I_PDGFR_binding_TKIs__cyto	M2	4	2	2	0.002917	0.104059	0.001999	0.3367
PDGF_A_B_heterodimer__ext	M2	2	2	0	0.000024	0.010832	0.001316	-0.5141
PDGF_A_and_B_chains_ECM_complex__ext	M2	2	2	0	0.000007	0.003868	0.002530	-0.5149
PDGF_A_and_B_chains_with_retention_motif__ext	M2	1	0	1	0.000000	0.002579	0.000937	-0.8736
PDGF_PDGF_receptor_dimer__cyto	M2	4	4	0	0.010608	0.081439	0.005756	0.6933
PDGF_Phospho_PDGFR_receptor_dimer_Nck__cyto	M2	2	2	0	0.002669	0.084976	0.001893	-0.3915
PDGF_Phospho_PDGF_receptor_dimer_Crk__cyto	M2	3	2	1	0.010608	0.085152	0.001893	0.3350
PDGF_Phospho_PDGF_receptor_dimer_Crk_p130Cas_C3G__cyto	M2	3	3	0	0.005330	0.075921	0.004139	0.0902
PDGF_Phospho_PDGF_receptor_dimer_Grb2_Sos1__cyto	M2	4	2	2	0.013227	0.085211	0.001893	0.8148
PDGF_Phospho_PDGF_receptor_dimer_Grb7__cyto	M2	2	2	0	0.002669	0.084976	0.001893	-0.3915
PDGF_Phospho_PDGF_receptor_dimer_MyrG_SRC__cyto	M2	4	2	2	0.012501	0.105801	0.001893	0.7811
PDGF_Phospho_PDGF_receptor_dimer_MyrG_p_Y419_SRC__cyto	M2	2	2	0	0.000264	0.101614	0.001784	-0.5030
PDGF_Phospho_PDGF_receptor_dimer_PI3K__cyto	M2	4	2	2	0.012458	0.105801	0.001893	0.7791
PDGF_Phospho_PDGF_receptor_dimer_PLC_gamma__cyto	M2	4	2	2	0.012656	0.105801	0.001893	0.7883
PDGF_Phospho_PDGF_receptor_dimer_SHP2__cyto	M2	2	2	0	0.003111	0.087417	0.001296	-0.3710
PDGF_Phospho_PDGF_receptor_dimer__cyto	M2	10	1	9	0.046032	0.096787	0.001695	4.4859
PDGF_alpha_beta_PDGF_AB_and_BB_dimers__cyto	M2	2	0	2	0.000328	0.103928	0.000937	-0.5001
PDGF_alpha_receptor_PDGF_dimers__cyto	M2	3	0	3	0.000248	0.104015	0.000937	-0.1454
PDGF_beta_receptor_PDGF_chain_B_homodimer__cyto	M2	2	0	2	0.000984	0.104103	0.000937	-0.4696
PDGF_p_PDGFR_dimer_p_PLCgamma__cyto	M2	4	2	2	0.017808	0.102715	0.001784	1.0272
PDGF_phospho_PDGF_receptor_dimer_STAT__cyto	M2	2	2	0	0.002669	0.084976	0.001893	-0.3915
PDGF_precursor_dimers_AA_BB_A_B_CC_DD__er	M2	1	0	1	0.000000	0.001934	0.000937	-0.8736
PDGF_precursor_dimers_AA_BB_A_B_CC_DD__golgi	M2	1	1	0	0.000000	0.001934	0.001733	-0.8736
PI3K__cyto	M2	1	0	1	0.000000	0.091778	0.000937	-0.8736
PI_3_4_5_P3__cyto	M2	3	3	0	0.000445	0.101698	0.002182	-0.1363
PI_4_5_P2__cyto	M2	2	0	2	0.000247	0.103928	0.000937	-0.5038
PLCG1__cyto	M2	1	0	1	0.000000	0.091778	0.000937	-0.8736
PMEPA1__cyto	M2	1	0	1	0.000000	0.075758	0.000937	-0.8736
PMEPA1__endo	M2	1	0	1	0.000000	0.078012	0.000937	-0.8736
POSTN__ecm	ssc_tier1	2	1	1	0.000184	0.110298	0.001116	-0.5067
PSMB8__nuc	M1	2	2	0	0.000000	0.029618	0.001027	-0.5153
PTPN11__cyto	M1,M2,M4	4	0	4	0.005121	0.096033	0.000937	0.4389
PTPN12__cyto	M2	2	0	2	0.000186	0.086771	0.000937	-0.5067
PTPN1__cyto	M1	2	0	2	0.000000	0.087078	0.000937	-0.5153
PTPN2__cyto	ssc_tier1	0	0	0	0.000000	0.000000	0.000937	-1.2319
PTPN6_PTPN11__cyto	M1	2	0	2	0.000720	0.105169	0.000937	-0.4819
PTPN6__cyto	M1	2	0	2	0.000483	0.094705	0.000937	-0.4929
Phospho_PDGF_alpha_beta_dimer_PDGF_AB_or_BB_dimers__cyto	M2	2	2	0	0.000137	0.100742	0.001377	-0.5089
Phospho_PDGF_alpha_receptor_PDGF_dimers__cyto	M2	3	3	0	0.000414	0.100907	0.002094	-0.1378
Phospho_PDGF_beta_receptor_PDGF_chain_B_homodimer__cyto	M2	3	2	1	0.005455	0.100907	0.001377	0.0960
Phospho_beta_receptor_homodimer_GAP__cyto	M2	2	2	0	0.002669	0.088136	0.002904	-0.3915
Pi__cyto	M1,M2	11	11	0	0.019561	0.099122	0.006759	3.6168
Pi__endo	M2	2	2	0	0.000056	0.087541	0.001854	-0.5127
Pre_TGFB1_complex__golgi	M2	1	0	1	0.000000	0.009026	0.000937	-0.8736
RAPGEF1__cyto	M2	1	0	1	0.000000	0.068420	0.000937	-0.8736
RASA1__cyto	M2	1	0	1	0.000000	0.078185	0.000937	-0.8736
RBPJ_NCOR_corepressor_complex__nuc	M3	2	0	2	0.000109	0.080116	0.000937	-0.5102
RBPJ_SNW1__nuc	M3	2	2	0	0.000001	0.066339	0.001389	-0.5152
RBPJ__pm	ssc_tier1	0	0	0	0.000000	0.000000	0.000937	-1.2319
RHOA__cyto	ssc_tier1	1	0	1	0.000000	0.093732	0.000937	-0.8736
RNASEL__cyto	M1	2	2	0	0.000000	0.029618	0.001027	-0.5153
RNASEL_dimer__mito	M1	1	0	1	0.000000	0.002579	0.000937	-0.8736
ROCK1__cyto	ssc_tier1	1	0	1	0.000000	0.093732	0.000937	-0.8736
ROCK2__cyto	ssc_tier1	1	0	1	0.000000	0.093732	0.000937	-0.8736
RORC__nuc	ssc_tier1	0	0	0	0.000000	0.000000	0.000937	-1.2319
RSAD2__er	M1	2	2	0	0.000000	0.029618	0.001027	-0.5153
SAMHD1__nuc	M1	2	2	0	0.000000	0.029618	0.001027	-0.5153
SMAD2_3_PMEPA1__cyto	M2	2	2	0	0.002669	0.085064	0.002553	-0.3915
SMAD2_3__cyto	M2	4	2	2	0.006347	0.096901	0.001928	0.4957
SMAD2_SMURF2__cyto	M2	4	2	2	0.000022	0.005803	0.003962	0.2024
SMAD2__cyto	M2	1	0	1	0.000000	0.003482	0.000937	-0.8736
SMAD3_STUB1__cyto	M2	4	2	2	0.005330	0.093413	0.003337	0.4486
SMAD3__cyto	M2	2	0	2	0.007962	0.107790	0.000937	-0.1461
SMAD3_p__cyto	M2	3	2	1	0.080662	0.127267	0.001651	3.5835
SMAD3p_SMAD4__nuc	M2	15	2	13	0.150068	0.131056	0.002738	11.1019
SMAD4__cyto	M2	2	0	2	0.011180	0.112308	0.000937	0.0032
SMAD7_NEDD4L__cyto	M2	1	1	0	0.000000	0.006632	0.002636	-0.8736
SMAD7_NEDD4L__nuc	M2	3	2	1	0.000157	0.008985	0.001999	-0.1496
SMAD7_SMURF1_XPO1__nuc	M2	4	2	2	0.000225	0.009284	0.003432	0.2118
SMAD7_SMURF1__cyto	M2	1	1	0	0.000000	0.006793	0.002396	-0.8736
SMAD7_SMURF1__nuc	M2	3	2	1	0.000292	0.011141	0.001999	-0.1434
SMAD7_SMURF2__cyto	M2	1	1	0	0.000000	0.006632	0.002636	-0.8736
SMAD7_SMURF2__nuc	M2	3	2	1	0.000157	0.008985	0.001999	-0.1496
SMAD7_SMURF_NEDD4L__cyto	M2	1	0	1	0.000000	0.093166	0.000937	-0.8736
SMAD7__cyto	M2	5	2	3	0.001739	0.096408	0.001854	0.6403
SMAD7__nuc	M2	3	0	3	0.000337	0.011605	0.000937	-0.1413
SMURF1__cyto	M2	1	0	1	0.000000	0.078835	0.000937	-0.8736
SMURF1__nuc	M2	1	0	1	0.000000	0.007737	0.000937	-0.8736
SMURF2__cyto	M2	2	1	1	0.000000	0.003482	0.002614	-0.5153
SMURF2__nuc	M2	1	0	1	0.000000	0.006632	0.000937	-0.8736
SMURF_NEDD4L__cyto	M2	1	1	0	0.000000	0.093166	0.001808	-0.8736
SNAI1__nuc	ssc_tier1	6	2	4	0.005852	0.121676	0.001682	1.1894
SNAI2__nuc	ssc_tier1	6	2	4	0.124676	0.123940	0.001747	6.6994
SOCS1__cyto	ssc_tier1	0	0	0	0.000000	0.000000	0.000937	-1.2319
SOCS3__cyto	M4	1	0	1	0.000000	0.090598	0.000937	-0.8736
SOCS_family__cyto	M1	1	0	1	0.000000	0.091710	0.000937	-0.8736
STAT1_3_homo_and_heterodimers__nuc	M4	1	1	0	0.000000	0.073631	0.002874	-0.8736
STAT1_STAT2_N__cyto	M1	2	0	2	0.000720	0.105169	0.000937	-0.4819
STAT1_STAT3__cyto	M4	1	0	1	0.000000	0.090598	0.000937	-0.8736
STAT1__cyto	M1	2	0	2	0.000720	0.105169	0.000937	-0.4819
STAT1_iso1__cyto	M1	2	0	2	0.000245	0.103928	0.000937	-0.5039
STAT2__cyto	M1	1	0	1	0.000000	0.090731	0.000937	-0.8736
STAT3__cyto	crosstalk	2	0	2	0.002610	0.111647	0.000937	-0.3942
STAT6__cyto	crosstalk	2	0	2	0.000054	0.100537	0.000937	-0.5128
STAT6_p__cyto	M4	5	4	1	0.010631	0.088739	0.006379	1.0527
STAT6_p_dimer__nuc	M4	4	1	3	0.013195	0.101156	0.006359	0.8133
STAT_family_members__cyto	M2	1	0	1	0.000000	0.075688	0.000937	-0.8736
STRAP__cyto	M2	1	0	1	0.000000	0.092920	0.000937	-0.8736
STUB1__cyto	M2	2	1	1	0.000000	0.082309	0.002351	-0.5153
SYK__cyto	ssc_tier1	1	0	1	0.000000	0.082200	0.000937	-0.8736
TAZ__cyto	ssc_tier1	0	0	0	0.000000	0.000000	0.000937	-1.2319
TBK1__cyto	ssc_tier1	1	0	1	0.000000	0.082090	0.000937	-0.8736
TBX21__nuc	ssc_tier1	0	0	0	0.000000	0.000000	0.000937	-1.2319
TBX2__nuc	ssc_tier1	1	0	1	0.000000	0.078259	0.000937	-0.8736
TBXA2R__pm	ssc_tier1	0	0	0	0.000000	0.000000	0.000937	-1.2319
TEK__pm	ssc_tier1	0	0	0	0.000000	0.000000	0.000937	-1.2319
TGFB1_LAP1__ext	M2	2	1	1	0.000180	0.009977	0.002507	-0.5069
TGFB1_TGFB2_TGFBR3_TGFBR2__cyto	M2	3	0	3	0.000748	0.110844	0.000937	-0.1223
TGFB1_TGFBR2_TGFBR1__cyto	M2	6	4	2	0.157135	0.130709	0.002938	8.2046
TGFB1_TGFBR2_TGFBR1__endo	M2	2	2	0	0.000056	0.087541	0.001854	-0.5127
TGFB1_TGFBR2_Ub_p_TGFBR1_Ub_SMAD7_UCHL5_USP15__cyto	M2	4	2	2	0.001688	0.085834	0.005268	0.2797
TGFB1_TGFBR2_Ub_p_TGFBR1_Ub_SMAD7__cyto	M2	2	1	1	0.003420	0.094198	0.001808	-0.3567
TGFB1_TGFBR2_p_TGFBR1_BAMBI_SMAD7__cyto	M2	3	3	0	0.004176	0.107979	0.002574	0.0367
TGFB1_TGFBR2_p_TGFBR1_SMAD7_SMURF_NEDD4L__cyto	M2	4	2	2	0.011090	0.107649	0.002049	0.7156
TGFB1_TGFBR2_p_TGFBR1_Ub_SMAD7__cyto	M2	2	2	0	0.000474	0.084976	0.003282	-0.4933
TGFB1_TGFBR2_p_TGFBR1__cyto	M2	8	2	6	0.108595	0.126548	0.002228	6.6704
TGFB1__ext	M2	8	3	5	0.157916	0.134122	0.003326	8.9575
TGFB1_dimer__ext	M2	1	0	1	0.000000	0.096033	0.000937	-0.8736
TGFB1_p_TGFBR_I_SMAD7_GADD34_PP1_ZFYVE9__endo	M2	8	3	5	0.005322	0.094924	0.004812	1.8815
TGFB1_p_TGFBR_I_SMAD7__cyto	M2	3	2	1	0.008910	0.108121	0.001778	0.2562
TGFB1_p_TGFBR_STRAP_SMAD7__cyto	M2	2	2	0	0.000111	0.094415	0.003204	-0.5101
TGFB1_p_TGFBR_STRAP__cyto	M2	3	2	1	0.005021	0.107321	0.002049	0.0759
TGFB1_p_TGFBR_ZFYVE9_SMAD2_3__endo	M2	5	3	2	0.018713	0.108982	0.002860	1.4275
TGFB1_p_TGFBR_ZFYVE9__endo	M2	1	1	0	0.000000	0.083678	0.002021	-0.8736
TGFB1_p_TGFBR_ZFYVE9_p_2S_SMAD2_3__endo	M2	4	2	2	0.005198	0.095180	0.002550	0.4424
TGFB3_LAP3__ext	M2	1	0	1	0.000000	0.002579	0.000937	-0.8736
TGFBR1_FKBP1A__cyto	M2	3	0	3	0.004259	0.110496	0.000937	0.0406
TGFBR2_CBL__cyto	M2	5	2	3	0.006940	0.085537	0.002099	0.8815
TGFBR2__cyto	M2	2	0	2	0.008631	0.096484	0.000937	-0.1150
TGFBR3_1_783_TGFB1_TGFB2__ext	M2	1	0	1	0.000000	0.096033	0.000937	-0.8736
TGFB_LAP__ext	M2	1	0	1	0.000000	0.002579	0.000937	-0.8736
TGF_beta_1_LAP1__golgi	M2	3	2	1	0.000322	0.013073	0.001847	-0.1420
TGF_beta_3_LAP3_LAP3_binding_integrins__ext	M2	2	2	0	0.000007	0.003868	0.002530	-0.5149
THBS1__ecm	ssc_tier1	1	0	1	0.000000	0.112359	0.000937	-0.8736
TICAM1__cyto	ssc_tier1	1	0	1	0.000000	0.081439	0.000937	-0.8736
TLE__nuc	M3	1	0	1	0.000000	0.055597	0.000937	-0.8736
TLR3__endo	ssc_tier1	1	0	1	0.000000	0.081439	0.000937	-0.8736
TLR7__endo	ssc_tier1	1	0	1	0.000000	0.081439	0.000937	-0.8736
TLR8__endo	ssc_tier1	0	0	0	0.000000	0.000000	0.000937	-1.2319
TLR9__endo	ssc_tier1	1	0	1	0.000000	0.081439	0.000937	-0.8736
TMEM173__cyto	ssc_tier1	1	0	1	0.000000	0.073565	0.000937	-0.8736
TMEM173_active__er	M1	3	2	1	0.010608	0.082309	0.003884	0.3350
TNC__ecm	ssc_tier1	0	0	0	0.000000	0.000000	0.000937	-1.2319
TNFSF13B__ext	ssc_tier1	1	0	1	0.000000	0.002579	0.000937	-0.8736
TNFSF13__ext	ssc_tier1	0	0	0	0.000000	0.000000	0.000937	-1.2319
TWIST1__nuc	ssc_tier1	0	0	0	0.000000	0.000000	0.000937	-1.2319
TYK2_inhibitors__cyto	M1	1	0	1	0.000000	0.081574	0.000937	-0.8736
Th2_cell__cell	M4	1	1	0	0.000000	0.001934	0.001733	-0.8736
Tight_Junction_Complex_PARD6A_RHOA__cyto	M2	1	0	1	0.000000	0.087448	0.000937	-0.8736
Tight_Junction_Complex_TGFB1_TGFBR2_TGFBR1_PARD6A_RHOA__cyto	M2	4	2	2	0.005889	0.105169	0.002692	0.4745
Tight_Junction_Complex_TGFB1_TGFBR2_p_TGFBR1_p_PARD6A_RHOA_SMURF1__cyto	M2	3	2	1	0.005330	0.088963	0.003537	0.0902
Tight_Junction_Complex_TGFB1_TGFBR2_p_TGFBR1_p_PARD6A_RHOA__cyto	M2	3	2	1	0.008271	0.101908	0.002123	0.2266
Tight_Junction_Complex_TGFB1_TGFBR2_p_TGFBR1_p_PARD6A_Ub_RHOA_SMURF1__cyto	M2	1	1	0	0.000000	0.078835	0.003944	-0.8736
Tight_Junction_Complex_TGFBR1_PARD6A_RHOA__cyto	M2	4	2	2	0.002874	0.100088	0.001999	0.3347
Tyrosine_phosphorylated_IL6_receptor_hexamer_Activated_JAKs_PTPN11_CBL__cyto	M4	2	2	0	0.004543	0.092087	0.002211	-0.3046
Tyrosine_phosphorylated_IL6_receptor_hexamer_Activated_JAKs_PTPN11__cyto	M4	5	2	3	0.010010	0.105665	0.001802	1.0239
Tyrosine_phosphorylated_IL6_receptor_hexamer_Activated_JAKs_SOCS3__cyto	M4	4	2	2	0.002806	0.104235	0.002399	0.3315
Tyrosine_phosphorylated_IL6_receptor_hexamer_Activated_JAKs_STAT1_STAT3__cyto	M4	4	2	2	0.002806	0.104235	0.002399	0.3315
Tyrosine_phosphorylated_IL6_receptor_hexamer_Activated_JAKs_Tyrosine_phosphorylated_STAT1_STAT3__cyto	M4	7	3	4	0.008897	0.107837	0.003018	1.6890
Tyrosine_phosphorylated_IL6_receptor_hexamer_Activated_JAKs_Tyrosine_serine_phosphorylated_STAT1_3__cyto	M4	2	2	0	0.000000	0.100990	0.001620	-0.5153
Tyrosine_phosphorylated_IL6_receptor_hexamer_Activated_JAKs__cyto	M4	6	3	3	0.001131	0.101993	0.002349	0.9705
UCHL5_USP15__cyto	M2	3	2	1	0.000474	0.084976	0.003282	-0.1350
USP18__cyto	M1	1	0	1	0.000000	0.002579	0.000937	-0.8736
Ub_DLL_JAG_NOTCH1__cyto	M3	4	2	2	0.006654	0.086044	0.002530	0.5099
Ub_DLL_JAG_NOTCH1_fragment__cyto	M3	2	2	0	0.000011	0.076582	0.002410	-0.5147
Ub_DTX_ITCH__cyto	M3	1	1	0	0.000000	0.055335	0.002410	-0.8736
Ub_NOTCH1_DTX_ARRB__cyto	M3	2	2	0	0.002669	0.060023	0.003560	-0.3915
Ub_NOTCH1_NUMB_ITCH__cyto	M3	1	1	0	0.000000	0.055559	0.002862	-0.8736
Ub_SMAD2__cyto	M2	1	1	0	0.000000	0.003482	0.002614	-0.8736
Ub_SMAD3__cyto	M2	1	1	0	0.000000	0.082309	0.002351	-0.8736
Ub_p_NICD1__nuc	M3	1	1	0	0.000000	0.055798	0.002868	-0.8736
Ubiquitin_ligase__cyto	M3	1	0	1	0.000000	0.055236	0.000937	-0.8736
VEGFA_KDR_complex__pm	M3	3	2	1	0.010466	0.060465	0.003012	0.3284
VEGFA__ext	ssc_tier1	2	1	1	0.012902	0.065861	0.001504	0.0830
VWF__pm	ssc_tier1	0	0	0	0.000000	0.000000	0.000937	-1.2319
XAF1__cyto	M1	2	2	0	0.000000	0.029618	0.001027	-0.5153
XBP1__nuc	ssc_tier1	3	2	1	0.000007	0.006908	0.001468	-0.1566
XPO1__cyto	M2	1	1	0	0.000000	0.006793	0.002396	-0.8736
XPO1__nuc	M2	1	0	1	0.000000	0.006793	0.000937	-0.8736
YAP1_TAZ_active__nuc	M2	6	4	2	0.008841	0.108407	0.008396	1.3280
YAP1__cyto	ssc_tier1	0	0	0	0.000000	0.000000	0.000937	-1.2319
ZEB1__nuc	ssc_tier1	2	2	0	0.051614	0.119494	0.001747	1.8781
ZEB2__nuc	ssc_tier1	0	0	0	0.000000	0.000000	0.000937	-1.2319
ZFYVE9_iso1__endo	M2	4	2	2	0.000740	0.096597	0.001854	0.2357
active_PDGF_AA_dimer__ext	M2	2	2	0	0.000045	0.010832	0.001449	-0.5132
active_PDGF_BB_dimer__ext	M2	2	2	0	0.000039	0.010832	0.001449	-0.5135
cGAMP__cyto	M1	3	2	1	0.005330	0.073653	0.002530	0.0902
cGMP__cyto	M3	3	1	2	0.010616	0.051778	0.002410	0.3353
dsDNA__cyto	M1	1	0	1	0.000000	0.066572	0.000937	-0.8736
fibroblast_proFibrotic__cell	M2	12	11	1	0.128963	0.123691	0.012481	9.0482
gamma_secretase_complex__cyto	M3	3	0	3	0.065734	0.099683	0.000937	2.8912
multiubiquitinated_STAT2__cyto	M1	1	0	1	0.000000	0.090731	0.000937	-0.8736
olaratumab__ext	M2	1	0	1	0.000000	0.081225	0.000937	-0.8736
p21_RAS_GDP__cyto	M2	2	0	2	0.000002	0.068496	0.000937	-0.5151
p21_RAS_GTP__cyto	M2	3	3	0	0.002658	0.075968	0.002538	-0.0337
pDC_activated__cell	M1	4	3	1	0.000274	0.092920	0.006301	0.2141
pNICD1__nuc	M3	3	2	1	0.007963	0.066446	0.001389	0.2123
p_2S_SMAD2_3_MTMR4__endo	M2	5	2	3	0.007557	0.097322	0.003148	0.9101
p_2S_SMAD2_3_PMEPA1__endo	M2	2	2	0	0.002669	0.087916	0.002306	-0.3915
p_2S_SMAD2_3_SMAD4__cyto	M2	2	2	0	0.009760	0.103059	0.001907	-0.0627
p_2S_SMAD2_3__cyto	M2	4	1	3	0.012002	0.100619	0.002021	0.7580
p_4Y_PLCG1__cyto	M2	1	1	0	0.000000	0.089447	0.001695	-0.8736
p_NICD1_FBXW7_SKP1_CUL1_RBX1__nuc	M3	4	2	2	0.005330	0.060688	0.004559	0.4486
p_PDGFRB_homo_and_heterodimers__cyto	M2	2	0	2	0.000186	0.086771	0.000937	-0.5067
p_PDGFRB_homo_and_heterodimers_dephosphorylated_at_Y1021__cyto	M2	3	3	0	0.000078	0.083878	0.001847	-0.1533
p_STAT1_dimer_ISGF3__cyto	M1	1	0	1	0.000000	0.003868	0.000937	-0.8736
p_STAT1_dimer_KPNA1_KPNB1__cyto	M1	2	2	0	0.000022	0.005158	0.003884	-0.5142
p_STAT1_dimer_KPNA1__cyto	M1	3	2	1	0.000037	0.006190	0.002530	-0.1552
p_STAT2_p_STAT1__cyto	M1	2	1	1	0.005323	0.090167	0.001583	-0.2684
p_TYK2_p_IFNAR1_SOCS_1_SOCS_3_IFNA_B_IFNAR2_p_JAK1_STAT2__cyto	M1	4	2	2	0.002669	0.105710	0.004385	0.3252
p_Y701_STAT1_1_dimer__cyto	M1	3	3	0	0.000146	0.100907	0.002245	-0.1502
p_Y701_STAT1_KPNA1_KPNB1__cyto	M1	3	0	3	0.000259	0.014996	0.000937	-0.1449
p_Y701_STAT1_dimer__nuc	M1	1	1	0	0.000000	0.012341	0.001202	-0.8736
p_Y701_STAT1_dimer_p_Y705_STAT3_dimer_p_Y701_STAT1_p_Y705_STAT3__cyto	M4	2	1	1	0.002669	0.082392	0.002278	-0.3915
p_Y701_STAT1_p_Y705_STAT3__cyto	M4	2	1	1	0.005323	0.093448	0.001578	-0.2684
phenotype_ECM_deposition__ecm	M2	6	6	0	0.002367	0.110200	0.011238	1.0278
phenotype_ISG_signature__cell	M1	1	1	0	0.000000	0.027235	0.000964	-0.8736
phenotype_autoAb_production__ext	M4	3	3	0	0.000007	0.006908	0.004680	-0.1566
phenotype_myofibroblast_activation__cell	M2	4	4	0	0.012336	0.115518	0.018581	0.7734
phenotype_vascular_remodelling__cell	M3	3	3	0	0.013277	0.055861	0.006141	0.4588
proPDGF_AA_dimer__golgi	M2	2	0	2	0.000004	0.008242	0.000937	-0.5151
proPDGF_AB_dimer__golgi	M2	3	0	3	0.000016	0.009026	0.000937	-0.1562
proPDGF_BB_dimer__golgi	M2	2	0	2	0.000006	0.008616	0.000937	-0.5150
rituximab_bound_Bcell__pm	M4	1	1	0	0.000000	0.001934	0.001733	-0.8736
serine_type_endopeptidases_involved_in_novel_PDGF_processing__ext	M2	2	0	2	0.000004	0.004421	0.000937	-0.5151
stiffened_ECM__ecm	M2	5	4	1	0.001336	0.103928	0.005963	0.6217
type_1_interferon_analogs__ext	M1	1	0	1	0.000000	0.073237	0.000937	-0.8736
type_II_PDGFR_binding_tyrosine_kinase_inhibitors__cyto	M2	1	0	1	0.000000	0.065984	0.000937	-0.8736
type_I_PDGFR_binding_tyrosine_kinase_inhibitors__cyto	M2	1	0	1	0.000000	0.090465	0.000937	-0.8736
vasoconstriction__cell	M3	1	1	0	0.000000	0.055660	0.002556	-0.8736
