cluster	hgnc	log2fc	pvalue	padj	n_donors_ssc	n_donors_hc	in_deg_output
Vascular_ACKR1	SNAI1	-0.1929	0.7067	0.9583	90	47	yes
Vascular_ACKR1	SNAI2	-0.0492	0.8858	1	90	47	yes
Vascular_ACKR1	ZEB1	-0.2545	0.4292	0.8227	90	47	yes
Vascular_ACKR1	ZEB2	-0.1838	0.5085	0.8728	90	47	yes
Vascular_ACKR1	TWIST1	-0.3154	0.3169	0.7465	90	47	yes
Vascular_ACKR1	PRRX1						no
Vascular_ACKR1	ACTA2	-0.2203	0.5519	0.8935	90	47	yes
Vascular_ACKR1	FN1	0.0147	0.9372	1	90	47	yes
Vascular_ACKR1	CDH2						no
Vascular_ACKR1	FAP	-0.1800	0.6783	0.9461	90	47	yes
Vascular_ACKR1	S100A4	-0.6102	0.006481	0.1033	90	47	yes
Vascular_ACKR1	CDH5	0.6127	0.2785	0.7152	90	47	yes
Vascular_ACKR1	PECAM1	0.4006	0.4407	0.8286	90	47	yes
Vascular_ACKR1	NOTCH1	0.1131	0.86	1	90	47	yes
Vascular_ACKR1	NOTCH3	-0.1208	0.7046	0.9583	90	47	yes
Vascular_ACKR1	JAG1	0.2159	0.5709	0.9035	90	47	yes
Vascular_ACKR1	JAG2	-0.6595	0.3247	0.7503	90	47	yes
Vascular_ACKR1	DLL1	-0.4876	0.4502	0.8337	90	47	yes
Vascular_ACKR1	DLL4	-0.1295	0.9032	1	90	47	yes
Vascular_ACKR1	HES1	-0.3236	0.3948	0.8009	90	47	yes
Vascular_ACKR1	HEY1	-0.4676	0.475	0.849	90	47	yes
Vascular_ACKR1	DTX1	-0.2980	0.7294	0.9665	90	47	yes
Vascular_ACKR1	MAML1	0.2732	0.7306	0.9665	90	47	yes
Vascular_ACKR1	NUMB	-0.1622	0.6621	0.9418	90	47	yes
Vascular_ACKR1	EDN1	-0.2839	0.6746	0.945	90	47	yes
Vascular_ACKR1	EDNRA						no
Vascular_ACKR1	EDNRB	-0.8002	0.04521	0.3222	90	47	yes
Vascular_ACKR1	NOS3	0.7330	0.398	0.8028	90	47	yes
Vascular_ACKR1	VEGFA	-0.4852	0.2726	0.7095	90	47	yes
Vascular_ACKR1	ANGPT2	0.2938	0.5396	0.8866	90	47	yes
Vascular_ACKR1	ROCK1	-0.1351	0.6879	0.9516	90	47	yes
Vascular_ACKR1	ROCK2	-0.0638	0.8323	1	90	47	yes
Vascular_ACKR1	RHOA	-0.4271	0.005712	0.09479	90	47	yes
Vascular_RBP7	SNAI1	-0.7883	0.1195	0.5168	92	51	yes
Vascular_RBP7	SNAI2	-0.2719	0.4235	0.8204	92	51	yes
Vascular_RBP7	ZEB1	-0.2977	0.3876	0.7947	92	51	yes
Vascular_RBP7	ZEB2	0.0403	0.8765	1	92	51	yes
Vascular_RBP7	TWIST1	-0.7994	0.01025	0.1367	92	51	yes
Vascular_RBP7	PRRX1						no
Vascular_RBP7	ACTA2	-0.2496	0.5462	0.8902	92	51	yes
Vascular_RBP7	FN1	0.2198	0.2867	0.725	92	51	yes
Vascular_RBP7	CDH2						no
Vascular_RBP7	FAP	-0.4134	0.3169	0.7465	92	51	yes
Vascular_RBP7	S100A4	-0.2877	0.08887	0.4514	92	51	yes
Vascular_RBP7	CDH5	0.4661	0.4448	0.8308	92	51	yes
Vascular_RBP7	PECAM1	1.1011	0.01932	0.2026	92	51	yes
Vascular_RBP7	NOTCH1	0.2247	0.7498	0.9721	92	51	yes
Vascular_RBP7	NOTCH3	0.1645	0.6442	0.9348	92	51	yes
Vascular_RBP7	JAG1	0.2791	0.4594	0.8392	92	51	yes
Vascular_RBP7	JAG2	0.4221	0.6694	0.9434	92	51	yes
Vascular_RBP7	DLL1	0.4885	0.5433	0.8891	92	51	yes
Vascular_RBP7	DLL4						no
Vascular_RBP7	HES1	0.2180	0.5253	0.8797	92	51	yes
Vascular_RBP7	HEY1	2.0560	0.07476	0.4136	92	51	yes
Vascular_RBP7	DTX1	-0.7559	0.3641	0.7776	92	51	yes
Vascular_RBP7	MAML1	-0.6875	0.2064	0.6429	92	51	yes
Vascular_RBP7	NUMB	-0.4046	0.3308	0.7547	92	51	yes
Vascular_RBP7	EDN1	0.7654	0.3558	0.7708	92	51	yes
Vascular_RBP7	EDNRA	0.2784	0.4775	0.85	92	51	yes
Vascular_RBP7	EDNRB	1.3921	0.01035	0.1375	92	51	yes
Vascular_RBP7	NOS3	-0.0776	0.9347	1	92	51	yes
Vascular_RBP7	VEGFA	0.9119	0.1307	0.5341	92	51	yes
Vascular_RBP7	ANGPT2	0.9545	0.0807	0.429	92	51	yes
Vascular_RBP7	ROCK1	-0.1549	0.6549	0.9395	92	51	yes
Vascular_RBP7	ROCK2	0.1287	0.6769	0.9454	92	51	yes
Vascular_RBP7	RHOA	-0.1286	0.424	0.8205	92	51	yes
Peri_RGS5	SNAI1	1.2777	0.0416	0.3099	94	55	yes
Peri_RGS5	SNAI2	0.1438	0.4965	0.8656	94	55	yes
Peri_RGS5	ZEB1	0.1576	0.5268	0.8804	94	55	yes
Peri_RGS5	ZEB2	-0.0806	0.673	0.9447	94	55	yes
Peri_RGS5	TWIST1	-0.2052	0.3915	0.7996	94	55	yes
Peri_RGS5	PRRX1						no
Peri_RGS5	ACTA2	0.1496	0.6372	0.9298	94	55	yes
Peri_RGS5	FN1	0.1211	0.3327	0.7561	94	55	yes
Peri_RGS5	CDH2						no
Peri_RGS5	FAP	-0.4703	0.08016	0.4287	94	55	yes
Peri_RGS5	S100A4	-0.7001	1.119e-06	8.023e-05	94	55	yes
Peri_RGS5	CDH5	1.5614	0.006667	0.1051	94	55	yes
Peri_RGS5	PECAM1	1.0914	0.02312	0.2252	94	55	yes
Peri_RGS5	NOTCH1	0.7575	0.2442	0.6864	94	55	yes
Peri_RGS5	NOTCH3	0.0418	0.862	1	94	55	yes
Peri_RGS5	JAG1	-0.0563	0.8521	1	94	55	yes
Peri_RGS5	JAG2	1.7829	0.07632	0.4172	94	55	yes
Peri_RGS5	DLL1	0.4194	0.4645	0.8422	94	55	yes
Peri_RGS5	DLL4	1.4828	0.3289	0.753	94	55	yes
Peri_RGS5	HES1	-0.0450	0.8626	1	94	55	yes
Peri_RGS5	HEY1	1.1711	0.2252	0.6607	94	55	yes
Peri_RGS5	DTX1	-0.2400	0.7299	0.9665	94	55	yes
Peri_RGS5	MAML1	0.3620	0.5021	0.8697	94	55	yes
Peri_RGS5	NUMB	0.5745	0.05199	0.3447	94	55	yes
Peri_RGS5	EDN1	0.8126	0	0	94	55	yes
Peri_RGS5	EDNRA	0.4545	0.06179	0.3799	94	55	yes
Peri_RGS5	EDNRB	0.1203	0.7335	0.9665	94	55	yes
Peri_RGS5	NOS3	0.6749	0.3552	0.7708	94	55	yes
Peri_RGS5	VEGFA	0.1408	0.7316	0.9665	94	55	yes
Peri_RGS5	ANGPT2						no
Peri_RGS5	ROCK1	-0.4025	0.07371	0.4116	94	55	yes
Peri_RGS5	ROCK2	0.1322	0.5115	0.8738	94	55	yes
Peri_RGS5	RHOA	-0.1868	0.1141	0.5067	94	55	yes
Peri_TGFBI	SNAI1	0.9589	0.01888	0.2003	95	55	yes
Peri_TGFBI	SNAI2						no
Peri_TGFBI	ZEB1	-0.0673	0.7471	0.9711	95	55	yes
Peri_TGFBI	ZEB2	0.3003	0.069	0.4	95	55	yes
Peri_TGFBI	TWIST1	-0.1601	0.4144	0.8143	95	55	yes
Peri_TGFBI	PRRX1						no
Peri_TGFBI	ACTA2	0.8079	0.005202	0.0891	95	55	yes
Peri_TGFBI	FN1	0.3550	0.03324	0.2807	95	55	yes
Peri_TGFBI	CDH2						no
Peri_TGFBI	FAP	-0.2633	0.2724	0.7095	95	55	yes
Peri_TGFBI	S100A4	-0.4302	0.001341	0.03374	95	55	yes
Peri_TGFBI	CDH5	0.1424	0.7523	0.9721	95	55	yes
Peri_TGFBI	PECAM1						no
Peri_TGFBI	NOTCH1	0.0412	0.9211	1	95	55	yes
Peri_TGFBI	NOTCH3	0.4379	0.04771	0.3302	95	55	yes
Peri_TGFBI	JAG1	0.4877	0.05338	0.3509	95	55	yes
Peri_TGFBI	JAG2	1.3782	0.1643	0.5861	95	55	yes
Peri_TGFBI	DLL1	-0.2179	0.6514	0.9369	95	55	yes
Peri_TGFBI	DLL4	0.9216	0.4759	0.8494	95	55	yes
Peri_TGFBI	HES1	0.1204	0.6087	0.9206	95	55	yes
Peri_TGFBI	HEY1	0.6978	0.2933	0.7269	95	55	yes
Peri_TGFBI	DTX1	-0.7780	0.1484	0.5624	95	55	yes
Peri_TGFBI	MAML1						no
Peri_TGFBI	NUMB	0.1781	0.457	0.8371	95	55	yes
Peri_TGFBI	EDN1	0.7286	0.3252	0.7504	95	55	yes
Peri_TGFBI	EDNRA	0.2055	0.2967	0.7286	95	55	yes
Peri_TGFBI	EDNRB	0.2188	0.4538	0.8351	95	55	yes
Peri_TGFBI	NOS3						no
Peri_TGFBI	VEGFA	0.8355	0.01252	0.1538	95	55	yes
Peri_TGFBI	ANGPT2	1.2569	0.0001452	0.005931	95	55	yes
Peri_TGFBI	ROCK1	-0.1185	0.5681	0.9033	95	55	yes
Peri_TGFBI	ROCK2	0.0786	0.632	0.9283	95	55	yes
Peri_TGFBI	RHOA	-0.1796	0.06524	0.3903	95	55	yes
